Title name,Print-ISSN,E-ISSN,Date of acceptance,Publisher
Itinera,,20399251,Dec-2021,University of Milan
Journal of Computational Social Science,24322717,24322725,Dec-2021,Springer
Journal of Global Innovations in Agricultural Sciences,27884538,27884546,Dec-2021,"Society for Innovative Agriculture, University of Agriculture, Faisalabad"
Advances in Applied Energy,,26667924,Dec-2021,Elsevier
Upstream Oil and Gas Technology,,26662604,Dec-2021,Elsevier
Advances in Bioenergy,,24680125,Dec-2021,Elsevier
Smart Energy,,26669552,Dec-2021,Elsevier
Folia Amazonica,10185674,24101184,Dec-2021,"Instituto de Investigaciones de la Amazonía Peruana (IIAP), Iquitos, Peru"
Revista de Artes Marciales Asiaticas,,21740747,Dec-2021,Universidad de León
World Water Policy,,2639541X,Dec-2021,Wiley-Blackwell
Latina et Graeca,0350414X,27172843,Dec-2021,"Latina et Graeca, Institute for Classical Languages and Ancient Civilization"
Letras (Peru),03784878,20715072,Dec-2021,"Facultad de Letras y Ciencias Humanas, Universidad Nacional Mayor de San Marcos - Peru"
NAR Genomics and Bioinformatics,,26319268,Dec-2021,Oxford University Press
Linguistic Landscape,22149953,22149961,Dec-2021,John Benjamins Publishing Co.
Contrastive Pragmatics,26660385,26660393,Dec-2021,Brill
Language Teaching for Young Learners,25892053,2589207X,Dec-2021,John Benjamins Publishing Co.
Przeglad Socjologii Jakosciowej,17338069,,Dec-2021,Lodz University Press
Southern Semiotic Review,,22022783,Dec-2021,Playscript
Journal of Monolingual and Bilingual Speech,26318407,26318415,Dec-2021,Equinox Publishing
Instructed Second Language Acquisition,23984155,23984163,Dec-2021,Equinox Publishing
"Tourism, Hospitality and Event Management",25104993,25105000,Dec-2021,Springer
Brazilian English Language Teaching Journal,,21783640,Dec-2021,EDIPUCRS
Frontiers in Sustainable Cities,,26249634,Dec-2021,Frontiers Media S.A.
Paediatric Surgery (Ukraine),23040041,25211358,Dec-2021,"Group of Companies Med Expert, LLC"
Indian Dermatology Online Journal,22295178,22495673,Dec-2021,Wolters Kluwer: Medknow Publications
Pacific Asia Journal of the Association for Information Systems,19437536,19437544,Dec-2021,AIS Association for Information Systems
AIS Transactions on Replication Research,,24733458,Dec-2021,AIS Association for Information Systems
"Canrea Journal: Food Technology, Nutritions, and Culinary Journal",,26219468,Dec-2021,Universitas Hasanuddin
Revista Colombiana de Nefrologia,23897708,25005006,Dec-2021,Asociación Colombiana de Nefrología e Hipertensión Arterial (Asocolnef)
EAI Endorsed Transactions on Scalable Information Systems,,20329407,Dec-2021,European Alliance for Innovation
"IEEE Transactions on Biometrics, Behavior, and Identity Science",,26376407,Dec-2021,IEEE Institute of Electrical and Electronics Engineers
Revista de Gestao,18092276,21778736,Dec-2021,Emerald
European Journal for Qualitative Research in Psychotherapy,,17567599,Dec-2021,European Association for Integrative Psychotherapy
Veterinarski Glasnik,03502457,24060771,Dec-2021,"University of Belgrade, Faculty of Veterinary Medicine"
Advances in Motivation Science,22150919,22150927,Dec-2021,Elsevier
"Annual Review of Control, Robotics, and Autonomous Systems",,25735144,Dec-2021,Annual Reviews
CESARE Conference Publications,,27886204,Dec-2021,Jordan University of Science & Technology
Journal of Clinical Hepatology,10015256,,Dec-2021,Editorial Board of Journal of Clinical Hepatology
Cognitive Computation and Systems,,25177567,Dec-2021,Wiley-Blackwell
IET Cyber-Systems and Robotics,,26316315,Dec-2021,Wiley-Blackwell
IEEE Open Journal of the Communications Society,,2644125X,Dec-2021,IEEE Institute of Electrical and Electronics Engineers
Acta Linguistca Petropolitana,23065737,26584069,Dec-2021,"Institute for Linguistic Studies, Russian Academy of Sciences"
Indo-European Linguistics and Classical Philology Yearbook,23069015,26586452,Dec-2021,Russian Academy of Sciences
Market and Competition Law Review,21840008,,Dec-2021,Universidade Católica Editora - Porto
Pravni Zapisi,22172815,24061387,Dec-2021,Union University Law School Belgrade
A and C - Revista de Direito Administrativo and Constitucional,15163210,19844182,Dec-2021,Instituto de Direito Romeu Felipe Bacellar
Revista de Direito Economico e Socioambiental,2179345X,21798214,Dec-2021,PUCPRESS
Revista Eurolatinoamericana de Derecho Administrativo,,2362583X,Dec-2021,Red Docente Eurolatinoamericana de Derecho Administrativo
Journal of Southeast Asian Human Rights,,25992147,Dec-2021,University of Jember
Journal of Midwifery and Reproductive Health,,23454792,Dec-2021,Mashhad University of Medical Sciences
Knihy a Dejiny,12108510,25712322,Dec-2021,Library of the Czech Academy of Sciences
Philosophy Kitchen,,23851945,Dec-2021,Università degli studi di Torino
Palgrave Studies in Nineteenth-Century Writing and Culture,26346494,26346508,Dec-2021,Springer:  Palgrave Macmillan
Journal of Applied Youth Studies,22049193,22049207,Dec-2021,Springer
Postdigital Science and Education,,25244868,Dec-2021,Springer
Pharos Journal of Theology,,24143324,Dec-2021,AfricaJournals
Studies in Peoples History,23484489,23497718,Dec-2021,Sage
Thammasat Review,08595747,26300303,Dec-2021,Thammasat University
Journal of Foreign Languages and Cultures,20964374,,Dec-2021,Hunan Normal University Press
Immuno-Oncology and Technology,,25900188,Dec-2021,Elsevier
Marine Corps History,2381375X,23813768,Dec-2021,Marine Corps University Press
AVS Quantum Science,,26390213,Dec-2021,AIP American Institute of Physics
Kwartalnik Historii Nauki i Techniki,0023589X,26574020,Dec-2021,"Institute for the History of Science, Polish Academy of Sciences"
Small Enterprise Research,13215906,2204230X,Dec-2021,Informa:  Taylor & Francis
International Journal of Analysis and Applications,,22918639,Dec-2021,"EtaMaths Publishing, Canada"
"Probability, Uncertainty and Quantitative Risk",20959672,23670126,Dec-2021,American Institute of Mathematical Sciences
Journal of Reliability and Statistical Studies,09748024,22295666,Dec-2021,River Publishers
Studies in Public Choice,09244700,,Dec-2021,Springer
Journal of Financial Data Science,26403943,26403951,Dec-2021,Pageant Media
"Public Administration, Governance and Globalization",25122347,25122363,Dec-2021,Springer
Arthaniti: Journal of Economic Theory and Practice,09767479,25172654,Dec-2021,Sage
Competitive Government: Public Private Partnerships,25244183,25244191,Dec-2021,Springer
SpringerBriefs in Regional Science,21920427,21920435,Dec-2021,Springer
Springer Proceedings in Business and Economics,21987246,21987254,Dec-2021,Springer
Radiology: Imaging Cancer,,2638616X,Dec-2021,Radiological Society of North America
Public Anthropologist,25891707,25891715,Dec-2021,Brill
Journal of Advanced Military Studies,27702596,2770260X,Dec-2021,Marine Corps University Press
Populism,25888064,25888072,Dec-2021,Brill
European Administrative Governance,25247263,25247271,Dec-2021,Springer:  Palgrave Macmillan
Children: Global Posthumanist Perspectives and Materialist Theories,25233408,25233416,Dec-2021,Springer
Index.comunicacion,24443239,21741859,Dec-2021,Universidad Rey Juan Carlos
Rethinking Peace and Conflict Studies,17593735,2752857X,Dec-2021,Springer:  Palgrave Macmillan
Rethinking Political Violence,27528588,27528596,Dec-2021,Springer:  Palgrave Macmillan
Advances in Science and Technology Research Journal,,22998624,Dec-2021,Lublin University of Technology
Ukrainian Antarctic Journal,17277485,24153087,Dec-2021,State Institution National Antarctic Scientific Center
Engineering Applications of Computational Methods,26623366,26623374,Dec-2021,Springer
Journal of Geo-Information Science,15608999,,Dec-2021,Science Press (China)
IEEE Open Journal of Vehicular Technology,,26441330,Dec-2021,IEEE Institute of Electrical and Electronics Engineers
IEEE Open Journal of Engineering in Medicine and Biology,,26441276,Dec-2021,IEEE Institute of Electrical and Electronics Engineers
Smart Cities,,26246511,Dec-2021,MDPI Multidisciplinary Digital Publishing Institute
Journal of Mining and Environment,22518592,22518606,Dec-2021,Shahrood University of Technology
IEEE Open Journal of the Industrial Electronics Society,,26441284,Dec-2021,IEEE Institute of Electrical and Electronics Engineers
IEEE Transactions on Quantum Engineering,,26891808,Dec-2021,IEEE Institute of Electrical and Electronics Engineers
Korean Journal of Transplantation,26718790,26718804,Dec-2021,Korean Society for Transplantation
Journal of Neurocritical Care,20050348,25081349,Dec-2021,The Korean Neurocritical Care Society
Journal of Biosafety and Biosecurity,,25889338,Dec-2021,KeAI Publishing Group
Clinical Infection in Practice,,25901702,Dec-2021,Elsevier
Texas Water Journal,,21605319,Dec-2021,Texas Water Journal in cooperation with the Texas Water Resources Institute
WSEAS Transactions on Electronics,11099445,24151513,Dec-2021,WSEAS World Scientific and Engineering Academy and Society
WSEAS Transactions on Information Science and Applications,17900832,22243402,Dec-2021,WSEAS World Scientific and Engineering Academy and Society
WSEAS Transactions on Circuits and Systems,11092734,2224266X,Dec-2021,WSEAS World Scientific and Engineering Academy and Society
Art-Sanat Dergisi,,21483582,Nov-2021,Istanbul University Press
Palgrave Series in Asian German Studies,27315657,27315665,Nov-2021,Springer:  Palgrave Macmillan
Mediterranean Perspectives,27315592,27315606,Nov-2021,Springer:  Palgrave Macmillan
Palgrave Studies in Oral History,27315673,27315681,Nov-2021,Springer:  Palgrave Macmillan
Holocaust and its Contexts,27315711,2731572X,Nov-2021,Springer:  Palgrave Macmillan
Classics Ireland,07919417,07919417,Nov-2021,The Classical Association of Ireland
Palgrave Studies in the History of Genocide,2731569X,27315703,Nov-2021,Springer:  Palgrave Macmillan
Journal of Health and Safety at Work,2251807X,23832088,Nov-2021,TUMS Tehran University of Medical Sciences
Frontiers of Oral and Maxillofacial Medicine,,2664777X,Nov-2021,AME Publishing Company
Advances in Food Security and Sustainability,,24522635,Nov-2021,Elsevier
Chinese Quarterly of Mechanics,02540053,,Nov-2021,Editorial Office of Chinese Quarterly of Mechanic
Developments in the Built Environment,,26661659,Nov-2021,Elsevier
Journal of Mining and Strata Control Engineering,20967187,,Nov-2021,Journal of Mining and Strata Control Engineering
International Journal of Crowd Science,,23987294,Nov-2021,Emerald
Journal of Indonesian Economy and Business,20858272,23385847,Nov-2021,Universitas Gadjah Mada
Acta Commercii,24131903,16841999,Nov-2021,AOSIS
Turkish Journal of Earthquake Research,,2687301X,Nov-2021,Disaster and Emergency Management Authority
Arid Land Geography,10006060,,Nov-2021,Science Press (China)
Bulletin of Kamchatka Regional Association Educational-Scientific Center. Earth Sciences,18165524,18165532,Nov-2021,Institute of Volcanology and Seismology Far Eastern Branch of the Russian Academy of Sciences
Quaternary Science Advances,,26660334,Nov-2021,Elsevier
Batten-Corbet-Lucey Handbooks in Alternative Investments,26293714,26293722,Nov-2021,Walter de Gruyter
Greening of Industry Networks Studies,25430246,25430254,Nov-2021,Springer
Rivista di Storia Economica,03933415,26121026,Nov-2021,Societa Editrice il Mulino
Journal of Tax Reform,24128872,24149497,Nov-2021,Baikal State University
R-Economy,,24120731,Nov-2021,Ural Federal University
Folia Oeconomica Stetinensia,17304237,18980198,Nov-2021,Walter de Gruyter: Sciendo
University Library at a New Stage of Social Communications Development. Conference Proceedings,,27070476,Nov-2021,Dnipro National University of Railway Transport named after Academician V. Lazaryan
Knowledge and Performance Management,25435507,26163829,Nov-2021,LLC CPC 'Business Perspectives'
Computer Engineering,10003428,,Nov-2021,Editorial Board of Computer Engineering
"Redescriptions: Political Thought, Conceptual History and Feminist Theory",,23080914,Nov-2021,Helsinki University Press
Anais do Museu Paulista,01014714,19820267,Nov-2021,Univ. de Sao Paulo * Museu Paulista
Sophia,13903861,13908626,Nov-2021,Universidad Politecnica Salesiana
Metatheoria,18532322,18532330,Nov-2021,Editorial de la Universidad Nacional de Quilmes
Egyptian Journal of Otolaryngology,10125574,20908539,Nov-2021,Springer
North American Spine Society Journal,,26665484,Nov-2021,Elsevier
Journal of Early Modern Christianity,21966648,21966656,Nov-2021,Walter de Gruyter
Palgrave Macmillan Transnational History Series,26346273,26346281,Nov-2021,Springer:  Palgrave Macmillan
New Zealand Journal of Asian Studies,11748915,,Nov-2021,New Zealand Asian Studies Society
Palgrave Studies in the History of Childhood,26346532,26346540,Nov-2021,Springer:  Palgrave Macmillan
CIAN-Revista de Historia de las Universidades,11396628,19888503,Nov-2021,Carlos III University of Madrid
Hungarian Journal of English and American Studies,12187364,27320421,Nov-2021,Debrecen University Press
Hermeneutics of Old Russian Literature,16076192,27132226,Nov-2021,A.M. Gorky Institute of World Literature of the Russian Academy of Sciences
Zhurnal Belorusskogo Gosudarstvennogo Universiteta. Istoriya,25206338,26174006,Nov-2021,Belarusian State University
"Advances in Chemical Pollution, Environmental Management and Protection",,24689270,Nov-2021,Elsevier
Reproductive Health. Eastern Europe,22263276,24143634,Nov-2021,Publishing Private Unitary Enterprise 'Professionalnye Izdaniya'
Pirogov Russian Journal of Surgery,00231207,23095628,Nov-2021,Media Sfera
Current Pediatrics Reports,,21674841,Nov-2021,Springer
Russian Rhinology,08695474,24118788,Nov-2021,Media Sfera
Journal of Dharma Studies,25220926,25220934,Nov-2021,Springer
Surgery Eastern Europe,22265384,24141992,Nov-2021,Publishing Private Unitary Enterprise 'Professionalnye Izdaniya'
Laboratory Diagnostics. Eastern Europe,22265392,2522137X,Nov-2021,Publishing Private Unitary Enterprise 'Professionalnye Izdaniya'
I.P. Pavlov Russian Medical Biological Herald,02043475,25002546,Nov-2021,Eco-Vector
Medical Technologies. Assessment and Choice,22190678,27127877,Nov-2021,Media Sfera
Palgrave Studies in Screenwriting,27314480,27314499,Nov-2021,Springer:  Palgrave Macmillan
Radiation Medicine and Protection,,26665557,Nov-2021,KeAI Publishing Group
Journal of Qualitative  Research in Health Science,,26456109,Nov-2021,Kerman University of Medical Sciences
Hispanic Urban Studies,26625830,26625849,Nov-2021,Springer:  Palgrave Macmillan
Written Monuments of the Orient,24100145,,Nov-2021,'Nauka' Publishers: 'Vostochnaya Literatura' (Oriental Literature) Publisher
Journal of English Language and Literature,10162283,24658545,Nov-2021,English Language and Literature Association of Korea
Palgrave Studies in the History of the Media,26346575,26346583,Nov-2021,Springer:  Palgrave Macmillan
Philologia Antiqua,19719078,20353561,Nov-2021,Fabrizio Serra Editore
Ius Ecclesiae,11206462,19725671,Nov-2021,Fabrizio Serra Editore
Brain Hemorrhages,,2589238X,Nov-2021,KeAI Publishing Group
Forestist,,26024039,Nov-2021,Istanbul University Press
"Journal of Financial Management, Markets and Institutions",,2282717X,Nov-2021,World Scientific Publishing
Srednie Veka,01318780,,Nov-2021,Nauka Publishers
Data and Information Management,25439251,,Nov-2021,Walter de Gruyter: Sciendo
Journal of Global Business and Trade,19465130,24704733,Nov-2021,International Academy of Global Business and Trade
Archives of Health Science and Research,,26874644,Nov-2021,Aves Yayincilik
Journal of Entrepreneurship and Innovation in Emerging Economies,23939575,23949945,Nov-2021,Sage
Revista de Contabilidade e Organizacoes,,19826486,Nov-2021,Universidade de Sao Paulo
Journal of Integrative Nursing,26669854,26634481,Nov-2021,Wolters Kluwer: Medknow Publications
Revista Iberoamericana de Educacion a Distancia,11382783,13903306,Nov-2021,Ibero-American Association of Distance Higher Education
Environmental Economics,19986041,1998605X,Nov-2021,Limited Liability Company 'Consulting Publishing Company 'Business Perspectives'
Insurance Markets and Companies,26163551,25229591,Nov-2021,LLC CPC 'Business Perspectives'
Journal of Tourism and Services,,18045650,Nov-2021,Center for International Scientific Research of V'O and V'PP
Journal of Social Economics Research,23126329,23126264,Nov-2021,Conscientia Beam
Journal of Istanbul Faculty of Medicine,,13056441,Nov-2021,Istanbul University Press
Revue d'Histoire de la Pensee Economique,24964646,24958670,Nov-2021,Classiques Garnier
Journal of Management and Business Research,25214306,,Nov-2021,Chinese Management Association
Revista de Agricultura Neotropical,,23586303,Nov-2021,Universidade Estadual de Mato Grosso do Sul
Analytical Methods of Environmental Chemistry Journal,26455552,26455382,Nov-2021,"Prof. Hamid Shirkhanloo, Analytical Methods in Environmental Chemistry"
"Innovation, Technology and Knowledge Management",21975698,21975701,Nov-2021,Springer
Neurobiology of Language,,26414368,Nov-2021,MIT Press
Chinese Journal of Biochemistry and Molecular Biology,10077626,,Nov-2021,Editorial Office of Chinese Journal of Biochemistry and Molecular Biology
Journal of Environmental and Earth Sciences,,26613190,Nov-2021,Bilingual Publishing CO.
Transdisciplinary Journal of Engineering and Science,,19490569,Nov-2021,The ATLAS Publishing
Tecnoscienza,,20383460,Nov-2021,STS Italia - The Italian Society for Social Studies of Science and Technology
Frontiers in Water,,26249375,Nov-2021,Frontiers Media S.A.
Plant Stress,,2667064X,Nov-2021,Elsevier
Environmental Science: Atmospheres,,26343606,Nov-2021,Royal Society of Chemistry
ACS Environmental Science and Technology Water,,26900637,Nov-2021,ACS American Chemical Society
Linguistica Lettica,14071932,,Nov-2021,Latvian Language Institute
Borneo Journal of Resource Science and Technology,22299769,01282972,Nov-2021,UNIMAS Publisher
Journal of Environmental and Occupational Medicine,20959982,,Nov-2021,Editorial Committee of Journal of Environmental and Occupational Medicine
"Emotions: History, Culture, Society",22067485,2208522X,Nov-2021,Brill
Communications Earth and Environment,,26624435,Nov-2021,Springer:  Nature Publishing Group
Revista Geografica de Chile Terra Australis,03788482,07199562,Nov-2021,Universidad Bernardo O'Higgins
Springer Proceedings in Earth and Environmental Sciences,2524342X,25243438,Nov-2021,Springer
Nivar,17350565,26453347,Nov-2021,IRIMO
Journal of Deep Space Exploration,20969287,,Nov-2021,Beijing Institute of Technology Press
Journal of Palaeogeography (Chinese Edition),16711505,,Nov-2021,Science Press (China)
Space Science and Technology,15618889,25181459,Nov-2021,Publishing House 'Akademperiodyka'
Journal of Earth Sciences and Environment,16726561,,Nov-2021,"Chang'an University, editorial office of Journal of Earth Sciences and Environment"
"Exploration Geophysics, Remote Sensing and Environment",18031447,18052266,Nov-2021,CAAG Czech Association of Geophysicists
Food Chemistry: Molecular Sciences,,26665662,Nov-2021,Elsevier
Clinical Parkinsonism and Related Disorders,,25901125,Nov-2021,Elsevier
Advanced Ultrasound in Diagnosis and Therapy,25762508,25762516,Nov-2021,Advanced Ultrasound in Diagnosis and Therapy
Health Policy Open,,25902296,Nov-2021,Elsevier
Advances in Agriculture,2356654X,23147539,Nov-2021,Wiley-Blackwell: Hindawi
Pamukkale Journal of Sport Sciences,,13090356,Nov-2021,"Pamukkale University, Faculty of Sport Sciences"
Drug Evaluation Research,16746376,,Nov-2021,Tianjin Press
Fundamental Research,,26673258,Oct-2021,KeAI Publishing Group
Therapeutic Advances in Vaccines and Immunotherapy,25151355,25151363,Oct-2021,Sage
"American Journal of Obstetrics and Gynecology, Maternal-Fetal Medicine",,25899333,Oct-2021,Elsevier
Population Medicine,,26541459,Oct-2021,European Publishing
"Cancer Research, Statistics, and Treatment",25903233,25903225,Oct-2021,Wolters Kluwer: Medknow Publications
Cell Reports Methods,,26672375,Oct-2021,Elsevier:  Cell Press
Journal of Science in Sport and Exercise,20966709,26621371,Oct-2021,Springer
Springer Water,23646934,23648198,Oct-2021,Springer
European Journal of Biology,26022575,26186144,Oct-2021,Istanbul University Press
Genders and Sexualities in History,27309479,27309487,Oct-2021,Springer:  Palgrave Macmillan
Nawpa Pacha,00776297,20516207,Oct-2021,Informa:  Taylor & Francis
Journal of Applied Communications,,24761362,Oct-2021,"Association for Communication Excellence in Agriculture, Natural Resources, and Life and Human Sciences"
Regional Sustainability,,2666660X,Oct-2021,KeAI Publishing Group
Global Transitions,,25897918,Oct-2021,KeAI Publishing Group
Koloproctologia,20737556,26867303,Oct-2021,All-Russian public organization 'Association of Coloproctologists of Russia?
Russian Journal of Neurosurgery,16833295,25877569,Oct-2021,'ABV-press' Publishing House
Fyodorov Journal of Ophthalmic Surgery,02354160,23124970,Oct-2021,Oftalmologiya
Vestnik Vosstanovitel?noj Mediciny,20781962,27132625,Oct-2021,National Medical Research Center of Rehabilitation and Balneology of the Ministry of Health of the Russian Federation
Lexicographica,01756206,18659403,Oct-2021,Walter de Gruyter
Global Transformations in Media and Communication Research,26345978,26345986,Oct-2021,Springer:  Palgrave Macmillan
Creative Cardiology,19973187,24109169,Oct-2021,Bakoulev National Medical Research Center for Cardiovascular Surgery
Russian Journal of Allergy,18108830,2686682X,Oct-2021,Pharmarus Print Media
Communication in Biomathematical Sciences,,25492896,Oct-2021,Indonesian Biomathematical Society
Povolzhskii Ekologicheskii Zhurnal,16847318,25418963,Oct-2021,"A. N. Severtsov Institute of Ecology and Evolution, Russian Academy of Sciences"
Mathematical Sciences,20081359,22517456,Oct-2021,Springer
Kitaibelia,12199672,20644507,Oct-2021,"University of Debrecen, Faculty of Science and Technology"
Palgrave Macmillan Memory Studies,26346257,26346265,Oct-2021,Springer:  Palgrave Macmillan
Journal of Global Responsibility,20412568,20412576,Oct-2021,Emerald
Frontiers in Sports and Active Living,,26249367,Oct-2021,Frontiers Media S.A.
Sustainable Futures,,26661888,Oct-2021,Elsevier
Neofilolog,14292173,25453971,Oct-2021,Polskie Towarzystwo Neofilologiczne
Avicenna Journal of Phytomedicine,22287930,22287949,Oct-2021,Mashhad University of Medical Sciences
Environmental Advances,,26667657,Oct-2021,Elsevier
Cleaner and Responsible Consumption,,26667843,Oct-2021,Elsevier
Journal of Second Language Studies,25423835,25423843,Oct-2021,John Benjamins Publishing Co.
Proceedings of the International Conference on Education and Research in Computer Aided Architectural Design in Europe,26841843,,Oct-2021,eCAADe
Bioactive Compounds in Health and Disease,,25740334,Oct-2021,Functional Food Center Inc.
Transactions on Intelligent Welding Manufacturing,25208519,25208527,Oct-2021,Springer
Latin-American Center for Informatics Studies Eletronic Journal,,07175000,Oct-2021,Latin-american Center for Informatics Studies
Journal of Medical Artificial Intelligence,,26172496,Oct-2021,AME Publishing Company
Frontiers in Artificial Intelligence,,26248212,Oct-2021,Frontiers Media S.A.
Frontiers in Computer Science,,26249898,Oct-2021,Frontiers Media S.A.
IACR Transactions on Cryptographic Hardware and Embedded Systems,,25692925,Oct-2021,Ruhr-Universität Bochum
European Journal of Family Business,24448788,2444877X,Oct-2021,University of Malaga
WSEAS Transactions on Systems,11092777,22242678,Oct-2021,WSEAS World Scientific and Engineering Academy and Society
Springer Series in Supply Chain Management,23656395,23656409,Oct-2021,Springer
"Palgrave Studies of Cross-Disciplinary Business Research, in Association with EuroMed Academy of Business",25238167,25238175,Oct-2021,Springer:  Palgrave Macmillan
Virtues and Economics,25201794,25201808,Oct-2021,Springer
Journal of International Business Policy,25220691,25220705,Oct-2021,Springer:  Palgrave Macmillan
Acta Universitatis Carolinae Studia Territorialia,12134449,23363231,Oct-2021,Karolinum Press
Journal of Dental Research Dental Clinics Dental Prospects,2008210X,20082118,Oct-2021,Tabriz University of Medical Sciences and Health Services
Iranian Journal of Veterinary Medicine,22518894,22520554,Oct-2021,University of Tehran
CommIT Journal,19792484,24607010,Oct-2021,Bina Nusantara University
Progress in Probability,10506977,22970428,Oct-2021,Springer:  Birkhauser
"Studies on Entrepreneurship, Structural Change and Industrial Dynamics",25112023,25112031,Oct-2021,Springer
"Science: Philosophy, History and Education",25208594,25208608,Oct-2021,Springer
Perspectives on Geographical Marginality,23670002,23670010,Oct-2021,Springer
Springer Series on Demographic Methods and Population Analysis,18772560,22151990,Oct-2021,Springer
Earth System Governance,,25898116,Oct-2021,Elsevier
Innovation and Management Review,,25158961,Oct-2021,Emerald
IFAC Journal of Systems and Control,,24686018,Oct-2021,Elsevier
MedUNAB,01237047,23824603,Oct-2021,Universidad Autonoma de Bucaramanga
Ceramics,,25716131,Oct-2021,MDPI Multidisciplinary Digital Publishing Institute
InfoMat,,25673165,Oct-2021,Wiley-Blackwell
Carbon Trends,,26670569,Oct-2021,Elsevier
"Infection, Epidemiology and Microbiology",25884107,25884115,Oct-2021,Tarbiat Modares University
Substantia,,25323997,Oct-2021,Firenze University Press
Organ Transplantation,16747445,,Oct-2021,"Editorial Department of Organ Transplantation, Periodical Center of the Third Affiliated Hospital of Sun Yat-sen University"
"Food Production, Processing and Nutrition",,26618974,Oct-2021,Springer:  BioMed Central (BMC)
International Journal of Diplomacy and Economy,20490887,20490895,Oct-2021,Inderscience Publishers
New England Journal of Entrepreneurship,,25748904,Oct-2021,Emerald
Micro and Macro Marketing,11214228,26122073,Oct-2021,Societa Editrice il Mulino
Proceedings of the Hamburg International Conference of Logistics,23654430,23655070,Oct-2021,Epubli GmbH
International Journal of Taiwan Studies,24688797,24688800,Oct-2021,Brill
Zanry Reci,23110740,23110759,Oct-2021,Saratov State University
Vessel Plus,,25741209,Oct-2021,OAE Publishing Inc.
Open Respiratory Archives,,26596636,Oct-2021,Elsevier: Doyma
F and S Science,,2666335X,Oct-2021,Elsevier
F and S Reports,,26663341,Oct-2021,Elsevier
New Directions in Irish and Irish American Literature,27313182,27313190,Sep-2021,Springer:  Palgrave Macmillan
Chemical Industry and Engineering Progress,10006613,,Sep-2021,Chemical Industry Press Co. Ltd.
Bamboo and Silk,24689238,24689246,Sep-2021,Brill
Journal of Laboratory and Precision Medicine,,25199005,Sep-2021,AME Publishing Company
ExRNA,,23980060,Sep-2021,AME Publishing Company
Palgrave Studies in the History of Social Movements,26346559,26346567,Sep-2021,Springer:  Palgrave Macmillan
Transforming Communication,27309320,27309339,Sep-2021,Springer:  Palgrave Macmillan
Folia Malacologica,15067629,23007125,Sep-2021,The Association of Polish Malacologists
African Journal of Thoracic and Critical Care Medicine,26170191,26170205,Sep-2021,South African Medical Association
Hattoria,21858241,24238961,Sep-2021,Hattori Botanical Laboratory
Music and Science,,20592043,Sep-2021,Sage
Studies in Theoretical Psycholinguistics,18730043,22151788,Sep-2021,Springer
Journal of African Films and Diaspora Studies,25162705,25162713,Sep-2021,Adonis & Abbey Publishers Ltd
"New Materials, Compounds and Applications",25217194,25234773,Sep-2021,Jomard Publishing
Torture,10188185,19973322,Sep-2021,International Rehabilitation Council for Torture Victims
Membranes and Membrane Technologies,25177516,25177524,Sep-2021,Springer
MRS Energy and Sustainability,,23292237,Sep-2021,Springer
Chemical Problems,22218688,25221655,Sep-2021,Institute of catalysis and inorganic chemistry
Revista Mexicana de Ciencias Forestales,20071132,24486671,Sep-2021,Instituto Nacional de Investigaciones Forestales Agrícolas y Pecuarias
World Congress in Computational Mechanics and ECCOMAS Congress,,26966999,Sep-2021,Scipedia
Advances in Aerodynamics,,25246992,Sep-2021,Springer
"Journal of Tourism, Heritage and Services Marketing",,25291947,Sep-2021,International Hellenic University
Population and Economics,,26583798,Sep-2021,Pensoft Publishers
Journal of Rheumatic Diseases,2093940X,22334718,Sep-2021,Korean College of Rheumatology
Asia Pacific Allergy,22338276,22338286,Sep-2021,"Asia Pacific Association of Allergy, Asthma, and Clinical Immunology (APAAACI)"
Global Power Shift,21987343,21987351,Sep-2021,Springer
Studies in Diplomacy and International Relations,27313921,2731393X,Sep-2021,Springer:  Palgrave Macmillan
Frontiers in Communication,,2297900X,Sep-2021,Frontiers Media S.A.
Politics of Citizenship and Migration,25208896,2520890X,Sep-2021,Springer:  Palgrave Macmillan
International Explorations in Outdoor and Environmental Education,22144218,22144226,Sep-2021,Springer
Perspectives on Public Management and Governance,23984910,23984929,Sep-2021,Oxford University Press
Cuadernos de Ilustracion y Romanticismo,,21730687,Sep-2021,Editorial UCA (Universidad de Cádiz)
E-Revista de Estudos Interculturais,,21826439,Sep-2021,"Centre for Intercultural Studies, Polytechnic of Porto"
Tetsugaku Companions to Japanese Philosophy,26622181,2662219X,Sep-2021,Springer
Interdisciplinary Contributions to Archaeology,15682722,,Sep-2021,Springer
Popular Music History,17407133,,Sep-2021,Equinox Publishing
"Religion, Spirituality and Health: A Social Scientific Approach",26276011,2627602X,Sep-2021,Springer
Science Vector of Togliatti State University,20735073,27128458,Sep-2021,Togliatti State University
Bulgarian Journal of Psychiatry,2367881X,23678828,Sep-2021,Bulgarian Psychiatric Association
Larhyss Journal,11123680,25219782,Sep-2021,Research Laboratory in Subterranean and Surface Hydraulics
Grey Systems,20439377,20439385,Sep-2021,Emerald
IEEE Open Journal of Nanotechnology,,26441292,Sep-2021,IEEE Institute of Electrical and Electronics Engineers
Tonkie Khimicheskie Tekhnologii,24106593,26867575,Sep-2021,MIREA - Russian Technological University
Problems of Strength and Plasticity,18149146,,Sep-2021,Publishing House of Nizhniy Novgorod Lobachevsky State University
Izvestiya Vuzov. Poroshkovaya Metallurgiya i Funktsional?nye Pokrytiya,1997308X,24128767,Sep-2021,CJSC «KALVIS»
Photonics Russia,19937296,2686844X,Sep-2021,ASSOCIATE PRINTING-AND-PUBLICATION CENTRE ?TECHNOSPHERA?
Drugs and Clinic,16745515,,Sep-2021,"Tianjin Press, Editorial Office of Drugs & Clinic"
Avicenna Journal of Environmental Health Engineering,24236292,24234583,Sep-2021,Hamadan University of Medical Sciences
Data-Centric Engineering,,26326736,Sep-2021,Cambridge University Press
European Conference on Multifunctional Structures,,26966913,Sep-2021,Scipedia
Environmental Chemistry,02546108,,Sep-2021,Science Press (China)
Proceedings from the International Congress on Project Management and Engineering,,26955067,Sep-2021,AEIPRO Asociación Española de Dirección e Ingeniería de Proyectos
Maxillofacial Plastic and Reconstructive Surgery,,22888586,Sep-2021,Springer
Eye and Vision,,23260254,Sep-2021,Springer:  BioMed Central (BMC)
Yillik: Annual of Istanbul Studies,26875012,26875691,Sep-2021,Istanbul Research Institute
Umanistica Digitale,,25328816,Sep-2021,Dipartimento di Filologia Classica e Italianistica ? Alma Mater Studiorum ? Università di Bologna
Revista Historia Social y de las Mentalidades,07175248,07194749,Sep-2021,Universidad de Santiago de Chile
International Journal of Chemical and Biochemical Sciences,,22269614,Sep-2021,International Scientific Organization
Revista Alicantina de Estudios Ingleses,02144808,2171861X,Sep-2021,Universidad de Alicante
Americania,,21740178,Sep-2021,Universidad Pablo de Olavide
Nanomedicine Journal,23223049,23225904,Sep-2021,Mashhad University of Medical Sciences
Philosophy of Religion: Analytic Researches,2587683X,26584891,Sep-2021,"Institute of Philosophy, Russian Academy of Sciences"
Physical Review Research,,26431564,Sep-2021,American Physical Society
Journal of Air Pollution and Health,,24763071,Sep-2021,TUMS Tehran University of Medical Sciences
Lithologic Reservoirs,16738926,,Sep-2021,Science Press (China)
Rare Diseases of the Immune System,22826505,22836403,Sep-2021,Springer
Cleaner Engineering and Technology,,26667908,Sep-2021,Elsevier
Water Cycle,,26664453,Sep-2021,KeAI Publishing Group
Scientific Culture,,24079529,Sep-2021,HENAN UNIVERSITY
Proceedings of the Centre for Economic History Research,25349244,26033526,Sep-2021,Centre for Economic History Research
Celestinesca,,26957183,Sep-2021,Universitat de Valencia
Journal of Integrated Disaster Risk Management,,21858322,Sep-2021,International Society for Integrated Disaster Risk Management
Results in Control and Optimization,,26667207,Sep-2021,Elsevier
"Argument, Biannual Philosophical Journal",20836635,20841043,Sep-2021,Pedagogical University of Cracow
Acta Universitatis Carolinae Iuridica,03230619,23366478,Sep-2021,Karolinum Press
Journal of the Indonesian Mathematical Society,20868952,24600245,Sep-2021,The Indonesian Mathematical Society
Revista Juridica Portucalense,21835799,21835705,Sep-2021,Universidade Portucalense
Ocean Yearbook Online,01918575,22116001,Sep-2021,Brill:  Martinus Nijhoff
Chinese Journal of Environmental Law,24686034,24686042,Sep-2021,Brill:  Martinus Nijhoff
Critical Criminological Perspectives,27310604,27310612,Sep-2021,Springer:  Palgrave Macmillan
Archivio Giuridico Filippo Serafini,03915646,22822828,Sep-2021,STEM Mucchi Editore
"Direito, Estado e Sociedade",15166104,19820879,Sep-2021,Editora PUC-Rio
Cooperativismo e Economia Social,11302682,26606348,Sep-2021,University of Vigo
Dikaion,01208942,20275366,Sep-2021,Universidad de La Sabana
"Law, Environment and Development Journal",,17465893,Sep-2021,SOAS Law Environment and Development Centre
Law of Justice Journal,14137038,22383212,Sep-2021,Editora UPF
International Journal on Consumer Law and Practice,23472731,,Sep-2021,"CHAIR ON CONSUMER LAW AND PRACTICE, NATIONAL LAW SCHOOL OF INDIA UNIVERSITY, BENGALURU"
LUMS Law Journal,24148407,24148415,Sep-2021,Shaikh Ahmad Hassan School of Law
Journal of Forensic Medicine Science and Law,,22778853,Sep-2021,"Medicolegal Association of Maharashtra, India."
Constitutional Review,24600016,25483870,Sep-2021,Constitutional Court of the Republic of Indonesia
Novum Jus,16926013,25008692,Sep-2021,Universidad Catolica de Colombia
Prace Slawistyczne. Slavica,02084058,,Sep-2021,"Institute of Slavic Studies, Polish Academy of Sciences"
Zeitschrift fuer Europarechtliche Studien,1435439X,,Sep-2021,Nomos
Rechtskultur,25684469,,Sep-2021,Edition Rechtskultur
Krakowskie Studia z Historii Panstwa i Prawa,20844115,20844131,Sep-2021,Jagiellonian University Press
Journal of Interventional Medicine,20963602,25900293,Sep-2021,KeAI Publishing Group
Revista de Direito da Faculdade Guanambi,,24476536,Sep-2021,Centro Universitário FG (UNIFG)
Global Advances in Health and Medicine,2164957X,21649561,Sep-2021,Sage
Journal of the Global Power and Propulsion Society,,25153080,Sep-2021,Global Power and Propulsion Society
Ciencias Psicologicas,16884094,16884221,Sep-2021,Universidad Católica del Uruguay
Frontiers in Dentistry,,2676296X,Sep-2021,TUMS Tehran University of Medical Sciences
East/West,,22927956,Sep-2021,"Canadian Institute of Ukrainian Studies, University of Alberta"
Studies in the Philosophy of Sociality,25429094,25429108,Sep-2021,Springer
Crossroads,,23006250,Sep-2021,"Faculty of Philology, University of Bialystok"
Agua y Territorio,23408472,23407743,Sep-2021,Universidad de Jaén
New Caribbean Studies,26913011,26345196,Sep-2021,Springer:  Palgrave Macmillan
International Journal of Critical Indigenous Studies,,18370144,Sep-2021,Queensland University of Technology
Geoscience Communication,25697102,25697110,Aug-2021,Copernicus
Mathematics Teacher Education and Development,14423901,,Aug-2021,"Mathematics Education Research Group of Australasia, Inc. (MERGA),"
Research in Globalization,,2590051X,Aug-2021,Elsevier
Journal of Integrated Science and Technology,,23214635,Aug-2021,ScienceIn Publishing
Scientific Horizons,26632144,27098877,Aug-2021,Polissia National University
Archivo Teologico Granadino,02101629,26954397,Aug-2021,Universidad Loyola Andalucía
Adalya,13012746,,Aug-2021,Koc University Suna & Inan Kirac Reserach Center for Mediterranean Civilizations (AKMED)
Sanat Tarihi Yilligi,05794080,27176940,Aug-2021,Istanbul University Press
"Heranca - History, Heritage and Culture Journal",,21843090,Aug-2021,Ponteditora
Studies in the History of Philosophy,20831978,2391775X,Aug-2021,Uniwersytet Miko?aja Kopernika w Toruniu / Nicolaus Copernicus University in Toru?
Journal for Continental Philosophy of Religion,25889605,25889613,Aug-2021,Brill
Sport i Turystyka,25453211,26574322,Aug-2021,The Stanislaw Podobinski Publishing House of the Jan D?ugosz University in Czestochowa
Anales de Historia del Arte,02146452,19882491,Aug-2021,Universidad Complutense de Madrid
Turkiyat Mecmuasi,00857432,26513188,Aug-2021,Istanbul University Press
Studia Litteraria et Historica,,22997571,Aug-2021,"Institute of Slavic Studies, Polish Academy of Sciences"
Osmanli Bilimi Arastirmalari,13033123,24587982,Aug-2021,Istanbul University Press
Journal of African Military History,24680958,24680966,Aug-2021,Brill
Arthroplasty,,25247948,Aug-2021,Springer:  BioMed Central (BMC)
Maternal-Fetal Medicine,20966954,26415895,Aug-2021,Wolters Kluwer:  Lippincott Williams and Wilkins
South African Orthopaedic Journal,1681150X,23098309,Aug-2021,Medpharm Publications
International Journal of Reconfigurable and Embedded Systems,20894864,27222608,Aug-2021,Institute of Advanced Engineering and Science
Zoological Systematics,20956827,,Aug-2021,Editiorial Office of Zoological Systematics
Virtual Reality and Intelligent Hardware,20965796,26661209,Aug-2021,KeAI Publishing Group
Software Impacts,,26659638,Aug-2021,Elsevier
Korean Journal of Financial Studies,20058187,27135543,Aug-2021,Korean Securities Association
Improved Oil and Gas Recovery,,26888246,Aug-2021,"Smart Science & Technology, LLC"
Bali Journal of Anesthesiology,,25492276,Aug-2021,Wolters Kluwer: Medknow Publications
Advances in Planetary Science,25298054,25298062,Aug-2021,World Scientific Publishing
Jahresbericht der Deutschen Mathematiker-Vereinigung,00120456,18697135,Aug-2021,Springer
WikiJournal of Science,,24706345,Aug-2021,WikiJournal User Group
Edutec,,11359250,Aug-2021,GTE-Educational Techology Group. University of Balearic Islans
Palgrave Macmillan Series in Global Public Diplomacy,27313883,27313891,Aug-2021,Springer:  Palgrave Macmillan
China International Strategy Review,,25245635,Aug-2021,Springer
Asia-Pacific Science Education,,23641177,Aug-2021,Brill
Studies in Media and Communication,23258071,2325808X,Aug-2021,Redfame Publishing
Vestnik MGIMO-Universiteta,20718160,25419099,Aug-2021,Moscow State Institute of International Relations
International Journal of Nursing Studies Advances,,2666142X,Aug-2021,Elsevier
Integrative Systematics,26282380,,Aug-2021,Stuttgart State Museum of Natural History
Zeitschrift fur Arabische Linguistik,0170026X,27474437,Aug-2021,Harrassowitz Verlag
Medical Cannabis and Cannabinoids,,25043889,Aug-2021,Karger
Bio-protocol,,23318325,Aug-2021,Bio-protocol LLC
Digital Biomarkers,,2504110X,Aug-2021,Karger
Infection Prevention in Practice,,25900889,Aug-2021,Elsevier
Recent Advances in Ophthalmology,10035141,,Aug-2021,Xinxiang Medical University
Proceedings of the International Symposium on Automation and Robotics in Construction,,24135844,Aug-2021,The International Association for Automation and Robotics in Construction
Revista Politecnica,13900129,24778990,Aug-2021,Escuela Politécnica Nacional
EURO Advanced Tutorials on Operational Research,2364687X,23646888,Aug-2021,Springer
Cardio-Oncology,,20573804,Aug-2021,Springer:  BioMed Central (BMC)
Asia Pacific Journal of Mathematics,,23572205,Aug-2021,Asia Pacific Academic
Revue d'Elevage et de Medecine Veterinaire des Pays Tropicaux,,19516711,Aug-2021,CIRAD
Waiguo Yuyan yu Wenhua,20964366,,Aug-2021,Hunan Normal University Press
Women in the History of Philosophy and Sciences,25238760,25238779,Aug-2021,Springer
Al-Ihkam: Jurnal Hukum dan Pranata Sosial,1907591X,24423084,Aug-2021,"the Faculty of Sharia, Institut Agama Islam Negeri Madura, Pamekasan, East Java, Indonesia in collaboration with The Islamic Law Researcher Associatio"
Cuadernos de Investigacion Historica,02106272,26605880,Aug-2021,Fundación Universitaria Española
Cells,,20734409,Aug-2021,MDPI Multidisciplinary Digital Publishing Institute
Ukrainskyi Zhurnal Sertsevo-sudynnoi Khirurhii,26645963,26645971,Aug-2021,Professional Edition Eastern Europe
IET Energy Systems Integration,,25168401,Aug-2021,Wiley-Blackwell
IEEE Transactions on Medical Robotics and Bionics,,25763202,Aug-2021,IEEE Institute of Electrical and Electronics Engineers
IEEE Open Journal of Antennas and Propagation,,26376431,Aug-2021,IEEE Institute of Electrical and Electronics Engineers
Dotawo,,23732571,Aug-2021,"eScholarship Publishing, California Digital Library"
Journal of Library and Information Science in Agriculture,10021248,,Aug-2021,Ministry of Agriculture and Rural Affairs of the People's Republic of China
Journal of Automotive Safety and Energy,16748484,,Aug-2021,Tsinghua University Press
Smart Agriculture,20968094,,Aug-2021,"Editorial Office of Smart Agriculture, Agricultural Information Institute, Chinese Academy of Agricultural Sciences"
International Journal of Horticultural Science and Technology,23221461,25883143,Aug-2021,University of Tehran
International Journal of Electrical and Electronics Research,,2347470X,Aug-2021,FOREX Publication
Geotechnical Engineering Education,,27327256,Aug-2021,Hellenic Society for Soil Mechanics and Geotechnical Engineering
International Journal of Neutrosophic Science,26926148,26906805,Aug-2021,American Scientific Publishing Group (ASPG)
Current Research in Microbial Sciences,,26665174,Aug-2021,Elsevier
Electronic News,,1931244X,Jul-2021,Sage
Journal of Historical Syntax,,21636001,Jul-2021,Universität Konstanz
Polish Libraries,23009217,23531835,Jul-2021,National Library of Poland
Eurasian Journal of Medicine and Oncology,25872400,2587196X,Jul-2021,Kare publishing
Journal of Clinical and Translational Science,,20598661,Jul-2021,Cambridge University Press
Romanian Journal of Cardiology,1220658X,27346382,Jul-2021,MEDIA MED PUBLICIS
Electrical Engineering and Electromechanics,2074272X,23093404,Jul-2021,National Technical University «Kharkiv Polytechnic Institute»
IEEE Journal of Radio Frequency Identification,,24697281,Jul-2021,IEEE Institute of Electrical and Electronics Engineers
International Journal of Mathematics and Physics,22187987,24095508,Jul-2021,Al-Farabi Kazakh National University
Advanced Photonics,,25775421,Jul-2021,"SPIE, the international society for optics and photonics (a.k.a. Society of Photo-Optical Instrumentation Engineers)"
Waste Disposal and Sustainable Energy,,25247891,Jul-2021,Springer
Progress in Biomedical Engineering,,25161091,Jul-2021,IoP Institute of Physics
IEEE Open Access Journal of Power and Energy,,26877910,Jul-2021,IEEE Institute of Electrical and Electronics Engineers
Journal of Curriculum and Teaching,19272677,19272685,Jul-2021,Sciedu Press
Glottodidactica,00724769,,Jul-2021,Wydawnictwo Naukowe Uniwersytetu im. Adama Mickiewicza w Poznaniu
Slavistica Vilnensis,23516895,24246115,Jul-2021,Vilnius University Press
Journal of Second Language Pronunciation,22151931,2215194X,Jul-2021,John Benjamins Publishing Co.
Asia-Pacific Language Variation,22151354,22151362,Jul-2021,John Benjamins Publishing Co.
Italian Review of Agricultural Economics,00356190,22811559,Jul-2021,Firenze University Press
"Advances in Predictive, Preventive and Personalised Medicine",22113495,22113509,Jul-2021,Springer
Anadolu Arastirmalari,05699746,2667629X,Jul-2021,Istanbul University Press
Poznanskie Studia Slawistyczne,20843011,24502731,Jul-2021,Adam Mickiewicz University in Pozna? / Publishing House of the Pozna? Society for the Advancement of the Arts and Sciences
QRB Discovery,,26332892,Jul-2021,Cambridge University Press
OBM Genetics,,25775790,Jul-2021,LIDSEN Publishing Inc.
European Pharmaceutical Law Review,25117157,25117181,Jul-2021,Lexxion Publsiher
Revista Colombiana de Ciencias Quimico-Farmaceuticas,00347418,19096356,Jul-2021,Universidad Nacional de Colombia
Swiatowit,0082044X,26576031,Jul-2021,University of Warsaw Press
Isogloss,,23854138,Jul-2021,Universitat Autonoma de Barcelona
Revista U.D.C.A Actualidad and Divulgacion Cientifica,01234226,26192551,Jul-2021,Universidad de Ciencias Aplicadas y Ambientales U.D.C.A
Filolog (Banja Luka),19865864,22331158,Jul-2021,Faculty of Philology Banja Luka
Physics Educator,26613395,26613409,Jul-2021,World Scientific Publishing
Figurative Thought and Language,24056944,,Jul-2021,John Benjamins Publishing Co.
Urban Agriculture and Regional Food Systems,,25751220,Jul-2021,Wiley-Blackwell
Europa XXI,14297132,23008547,Jul-2021,Institute of Geography and Spatial Organization Polish Academy of Sciences
International Journal of Anthropology,03939383,18243096,Jul-2021,Angelo Pontecorboli Editore
Plant Phenome Journal,,25782703,Jul-2021,Wiley-Blackwell
Annals of Hepato-Biliary-Pancreatic Surgery,25085778,25085859,Jul-2021,Korean Association of Hepato-Biliary-Pancreatic Surgery
Natural Sciences Education,21688273,21688281,Jul-2021,Wiley-Blackwell
Research Result. Theoretical and Applied Linguistics,,23138912,Jul-2021,Belgorod State National Research University
Italia Contemporanea,03921077,20364555,Jul-2021,Franco Angeli Edizioni
Journal of Religion and Demography,25897411,2589742X,Jul-2021,Brill
Victorian Popular Fictions,,26324253,Jul-2021,Victorian Popular Fiction Association
Aboriginal History Journal,03148769,18379389,Jul-2021,ANU Press
Palgrave Studies in Audio-Visual Culture,26346354,26346362,Jul-2021,Springer:  Palgrave Macmillan
College Music Symposium,,2334203X,Jul-2021,College Music Society
Asian Journal of Dairy and Food Research,09714456,09760563,Jul-2021,Agricultural Research Communication Centre
Lecturae Tropatorum,,19744374,Jul-2021,Università di Napoli Federico II
Libri,,24587826,Jul-2021,Phaselis Project
Pakistan Journal of Nematology,02557576,23131942,Jul-2021,ResearchersLinks Ltd UK
Agri Centuriati,1724904x,18251277,Jul-2021,Fabrizio Serra Editore
Literaturna Misal,03240495,13149237,Jul-2021,Institue for Literatur
Notes Konserwatorski,15095681,26573083,Jul-2021,National Library of Poland
Slavia Antiqua,00809993,25450212,Jul-2021,Poznan Society for the Advancement of Arts and Sciences
ESP Across Cultures,19728247,,Jul-2021,Edipuglia s.r.l.
Archivum,05707218,23411120,Jul-2021,Ediuno: University of Oviedo
Performing Ethos,17571979,17571987,Jul-2021,Intellect Ltd.
Anatolian Journal of Family Medicine,26305593,26513455,Jul-2021,Kare Publishing
Iraqi Journal of Applied Physics,18132065,23091673,Jul-2021,THE IRAQI SOCIETY FOR ALTERNATIVE AND RENEWABLE ENERGY SOURCES & TECHNIQUES
Pharmaceutical Patent Analyst,20468954,20468962,Jul-2021,Future Science Group:  Future Science
SciPost Physics Lecture Notes,,25901990,Jul-2021,SciPost
Fractional Differential Calculus,,18479677,Jul-2021,Publishing House Element
"Agrosystems, Geosciences and Environment",,26396696,Jul-2021,Wiley-Blackwell
Chinese Journal of Parasitology and Parasitic Diseases,10007423,,Jul-2021,"National Institute of Parasitic Diseases, Chinese Center for Disease Control and Prevention"
"Russian Journal of Gastroenterology, Hepatology, Coloproctology",13824376,26586673,Jun-2021,Gastro LLC
Diagnosis,21948011,2194802X,Jun-2021,Walter de Gruyter
Trends in Andrology and Sexual Medicine,23670088,23670096,Jun-2021,Springer
Foot and Ankle Orthopaedics,,24730114,Jun-2021,Sage
Journal of Frailty and Aging,22601341,22734309,Jun-2021,Springer
Arqueologia y Territorio Medieval,11343184,23865423,Jun-2021,Universidad de Jaén
ERJ Open Research,,23120541,Jun-2021,European Respiratory Society
Anales de Filologia Francesa,02132958,19894678,Jun-2021,Universidad de Concepcion
Journal of Entrepreneurial and Organizational Diversity,,22818642,Jun-2021,EURICSE - European Research Institute on Cooperative and Social Enterprises
China Tropical Medicine,10099727,,Jun-2021,Editorial Department of China Tropical Medicine
Medical Journal of Peking Union Medical College Hospital,16749081,,Jun-2021,Editorial office of Medical Journal of Peking Union Medical College Hospital
Clinical Medicine of China,10086315,,Jun-2021,"Chinese Medical Journal Publishing House Co. ,Ltd."
OBM Transplantation,,25775820,Jun-2021,LIDSEN Publishing Inc.
Fronteiras (Brazil),14158701,22389717,Jun-2021,Samira Peruchi Moretto
Boletin de la Academia Peruana de la Lengua,05676002,27082644,Jun-2021,Academia Peruana de la Lengua
Sulla Via del Catai,19703449,,Jun-2021,Centro Studi Martino Martini
Acta Historica Universitatis Klaipedensis,13924095,23516526,Jun-2021,"Institute of Baltic Region History and Archaeology, Klaip?da University"
Novitas-Royal,,13074733,Jun-2021,Children Research Center-TURKEY
Chinese (Taiwan) Yearbook of International Law and Affairs,24681288,26918749,Jun-2021,Brill:  Martinus Nijhoff
Italian Review of Legal History,24648914,,Jun-2021,UNIVERSITY OF MILAN
Sydney Law Review,00820512,14449528,Jun-2021,University of Sydney Law School
Pakistan Armed Forces Medical Journal,00309648,24118842,Jun-2021,AM College
Epidemiologia e Servicos de Saude,16794974,22379622,Jun-2021,Brazilian Ministry of Health
Textile and Leather Review,26236257,26236281,Jun-2021,Seniko studio Ltd.
Hacia la Promocion de la Salud,01217577,24628425,Jun-2021,Universidad de Caldas
Francofonia,1121953X,20365659,Jun-2021,Casa Editrice Leo S. Olschki
Margens,18060560,19825374,Jun-2021,UNIVERSIDADE FEDERAL DO PARÁ
Palgrave Shakespeare Studies,27313204,27313212,Jun-2021,Springer:  Palgrave Macmillan
Mongolian Studies,25001523,27128059,Jun-2021,Kalmyk Scientific Center of the RAS
Proceedings of ECOpole,1898617X,,Jun-2021,Society of Ecological Chemistry and Engineering (SECE)
Industrial Laboratory. Materials Diagnostics,10286861,25880187,Jun-2021,"TEST-ZL Publishing, LLC"
ISECURE,20082045,20083076,Jun-2021,Iranian Society of Cryptology
IET Smart Cities,,26317680,Jun-2021,Wiley-Blackwell
Autism in Adulthood,25739581,2573959X,Jun-2021,Mary Ann Liebert
Journal of Inborn Errors of Metabolism and Screening,23264098,23264594,May-2021,SciELO (Scientific Electronic Library Online)
Journal of Instrumental Analysis,10044957,,May-2021,The Editorial office of Journal of Instrumental Analysis
Zeitschrift fur Unternehmensgeschichte,03422852,23672293,May-2021,Walter de Gruyter
Connexe,24065749,26732750,May-2021,"Université libre de Bruxelles, Université de Genève"
Problemy Polityki Spolecznej,16401808,27197328,May-2021,Faculty of Political Science and International Studies University of Warsaw
Arabian Journal of Medicinal and Aromatic Plants,,24585920,May-2021,IMIST (CNRST)
"Studies in Language, Culture and Society",21957479,,May-2021,Peter Lang
Journal of Korean Academy of Psychiatric and Mental Health Nursing,12258482,22884653,May-2021,Korean Academy of Psychiatric and Mental Health Nursing
Palgrave Studies in Media and Environmental Communication,26346451,2634646X,May-2021,Springer:  Palgrave Macmillan
Data Intelligence,20967004,2641435X,May-2021,MIT Press
International Journal of Cloud Applications and Computing,21561834,21561826,May-2021,IGI Global
Chronobiology in Medicine,,26359162,May-2021,Korean Academy of Sleep Medicine
Eurasian Journal of Family Medicine,21473161,21473404,May-2021,Eurasian Society of Family Medicine
Coal Conversion,10044248,,May-2021,Taiyuan University of Technology
International Conference on Multidisciplinary Research,16943597,16943600,May-2021,Society for Research and Knowledge Management
World Journal of Emergency Medicine,19208642,,May-2021,Zhejiang University Press
Vietnam Journal of Computer Science,,21968896,Apr-2021,World Scientific Publishing
Revista del Cuerpo Medico Hospital Nacional Almanzor Aguinaga Asenjo,22255109,22274731,Apr-2021,Cuerpo Médico del Hospital Nacional Almanzor Aguinaga Asenjo
New Security Challenges,27310329,27310337,Apr-2021,Springer:  Palgrave Macmillan
IEEE Transactions on Radiation and Plasma Medical Sciences,24697311,24697303,Apr-2021,IEEE Institute of Electrical and Electronics Engineers
International Journal of Social Quality,17570344,17570352,Apr-2021,Berghahn
Antichnaya Drevnost' i Srednie Veka,03204472,26870398,Apr-2021,Ural University Press
Central Eurasia Studies,20080867,23453117,Apr-2021,University of Tehran
Palgrave Studies in Life Writing,27309185,27309193,Apr-2021,Springer:  Palgrave Macmillan
Research Results in Biomedicine,,26586533,Apr-2021,Belgorod State National Research University
Vichiana,00425079,2035262X,Apr-2021,Fabrizio Serra Editore
Convivium (Poland),21968403,26576252,Apr-2021,Lodz University Press
"Palgrave Studies in the Enlightenment, Romanticism and Cultures of Print",26346516,26346524,Apr-2021,Springer:  Palgrave Macmillan
Carnets,,16467698,Apr-2021,APEF - Association Portugaise d'études françaises
Technai,20368097,20377967,Apr-2021,Fabrizio Serra Editore
Revista Chilena de Fonoaudiologia,,07194692,Apr-2021,Universidad de Chile
Nordic Journal of Migration Research,,1799649X,Apr-2021,Walter de Gruyter: Sciendo
Symmetry: Culture and Science,08654824,22261877,Apr-2021,SYMMETRION
Rocznik Przekladoznawczy,18964362,23921552,Apr-2021,Wydawnictwo Naukowe Uniwersytetu Miko?aja Kopernika
Russian Peasant Studies,25001809,,Apr-2021,Russian Presidential Academy of National Economy and Public Administration
Estudis de Literatura Oral Popular,,20147996,Apr-2021,Publicacions URV
Advances in Mathematical Sciences and Applications,13434373,,Apr-2021,Gakko Tosho CO. LTD.
Medievalismo,11318155,19898312,Apr-2021,Edit.um (Ediciones de la Universidad de Murcia)
JOR Spine,,25721143,Apr-2021,Wiley-Blackwell
Vestnik Sankt-Peterburgskogo Universiteta. Ekonomika,1026356X,2542226X,Apr-2021,Saint Petersburg State University
Israa University Journal Of Applied Science,,25230522,Apr-2021,ISRAA University
Proceedings of the International Ship Control Systems Symposium,,26318741,Apr-2021,"Institute of Marine Engineering, Science and Technology"
Springer Proceedings in Advanced Robotics,25111256,25111264,Apr-2021,Springer
Medialingvistika,23120274,2312296X,Mar-2021,Saint Petersburg State University
Journal for Foreign Languages,18558453,23504269,Mar-2021,"Ljubljana University Press, Faculty of Arts (Znanstvena zalo?ba Filozofske fakultete Univerze v Ljubljani)"
Indonesian Journal of Obstetrics and Gynecology,23386401,23387335,Mar-2021,Indonesian Society of Obstetrics and Gynecology
Quantitative Science Studies,,26413337,Mar-2021,MIT Press
Vascular and Endovascular Review,25163299,25163302,Mar-2021,Radcliffe Medical Media
"Trajecta. Religion, Culture and Society in the Low Countries",07788304,26659484,Mar-2021,Amsterdam University Press
Philippine Journal of Fisheries,0048377X,26722836,Mar-2021,National Fisheries Research and Development Institute
Il Pensiero Economico Italiano,11228784,17240581,Feb-2021,Fabrizio Serra Editore
Itineraria,15941019,,Feb-2021,SISMEL - Edizioni del Galluzzo
Diferents,25301330,26599252,Feb-2021,Universitat Jaume I
Romanica Wratislaviensia,05572665,,Feb-2021,Wydawnictwo Uniwersytetu Wroc?awskiego
Textile Museum Journal,00837407,24758825,Feb-2021,The Textile Museum
Patristica et Mediaevalia,03252280,26839636,Feb-2021,"Institute of Philosophy Dr. Alejandro Korn, Faculty of Philosophy and Arts, University of Buenos Aires"
Moderna (Ghezzano-La Fontina),11286326,17240530,Feb-2021,Fabrizio Serra Editore
Nineteenth-Century Art Worldwide,,15431002,Feb-2021,Association Historians Nineteenth-Century Art
Quaderni del '900,17200180,17241898,Feb-2021,Fabrizio Serra Editore
World Journal of Experimental Medicine,2220315X,,Feb-2021,Baishideng Publishing Group Inc
Studies in Humanism and Atheism,26346656,26346664,Feb-2021,Springer:  Palgrave Macmillan
Journal of Posthuman Studies,24724513,24714461,Feb-2021,Penn State University Press
Lilloa,00759481,23469641,Feb-2021,Fundación Miguel Lillo
Radical Theologies and Philosophies,2634663X,26346648,Jan-2021,Springer:  Palgrave Macmillan
ZEMCH International Conference,,26522926,Jan-2021,ZEMCH Network
Journal of Neuroanaesthesiology and Critical Care,23480548,2348926X,Jan-2021,Thieme Medical Publishers
Journal of Food Legumes,09706380,09762434,Jan-2021,ISPRD
Neiro-Nechitki Tekhnolohii Modelyuvannya v Ekonomitsi,23063289,24153516,Jan-2021,Kyiv National Economic University named after Vadym Hetman - research university
Critical Ethnic Studies,23735031,2373504X,Jan-2021,University of Minnesota Press
Contemporary City,26345463,26345471,Jan-2021,Springer:  Palgrave Macmillan
Fiziologichnyi Zhurnal,25229028,25229036,Jan-2021,Publishing House ?Akademperiodyka
Journal of Applied Structural Equation Modeling,,25904221,Jan-2021,Sarawak Research Society (SRS)
Palgrave Series in Indian Ocean World Studies,27309703,27309711,Dec-2020,Springer:  Palgrave Macmillan
Palgrave Studies in World Environmental History,27309746,27309754,Dec-2020,Springer:  Palgrave Macmillan
Revista Aguas Subterraneas,01017004,21799784,Dec-2020,Associacao Brasileira de Águas Subterrâneas
China Geology,20965192,25899430,Dec-2020,Elsevier:  Partnership Publishing
Challenges to National Defence in Contemporary Geopolitical Situation,,25388959,Dec-2020,General Jonas Zemaitis Military Academy of Lithuania
Advances in Research on Russian Business and Management,2578725X,25787268,Dec-2020,Information Age Publishing
Studies in World Literature,23653817,,Dec-2020,ibidem Press
Literaturwissenschaftliches Jahrbuch,0075997X,26289849,Dec-2020,Duncker & Humblot GmbH
Lecture Notes in Geosystems Mathematics and Computing,,25123211,Dec-2020,Springer:  Birkhauser
Gestion 2000,07730543,24064734,Dec-2020,Recherches et Publications en Management A.S.B.L.
Journal of Industrial Engineering and Engineering Management,10046062,,Dec-2020,Zhejiang Daxue
Know,2473599X,24736007,Dec-2020,University of Chicago Press
Journal of African American History,15481867,21535086,Dec-2020,University of Chicago Press
RECMA,16261682,22612599,Dec-2020,Association RECMA
Journal of Oncological Sciences,26514532,24523364,Dec-2020,Türkiye Klinikleri
Acta Musei Napocensis,14541513,27344487,Dec-2020,Muzeul National de Istorie a Transilvaniei
South African Museums Association Bulletin,02585049,,Dec-2020,South African Museums Association
Proceedings of the International Conference on Tourism Research,,25163612,Nov-2020,Academic Conferences Ltd
Studi Rinascimentali,17246164,18241948,Nov-2020,Fabrizio Serra Editore
Rivista di Letteratura Storiografica Italiana,25329626,26112787,Nov-2020,Fabrizio Serra Editore
Whatever,,2611657X,Nov-2020,Università di Pisa
New Trends in Civil Aviation,26947854,,Nov-2020,University of ?ilina
Proceedings of the International Conference on Gender Research,,25162810,Nov-2020,Academic Conferences Ltd
Aging Medicine,,24750360,Nov-2020,Wiley-Blackwell
Proceedings of the International Conference Computational Linguistics in Bulgaria,23675578,23675675,Nov-2020,The Institute for Bulgarian Language Prof. Lyubomir Andreychin - Bulgarian Academy of Sciences
Ilmu Kelautan: Indonesian Journal of Marine Sciences,24067598,,Oct-2020,Diponegoro University
AAS Open Research,,25159321,Oct-2020,F1000Research Ltd
Canterbury Law Review,01120581,,Oct-2020,The Canterbury Law Review Trust Board
International Development Policy,16639383,16639391,Oct-2020,Brill:  Martinus Nijhoff
Argumenta,,24652334,Oct-2020,"UNISS, University of Sassari"
Logeion,22412417,22412425,Oct-2020,Crete University Press
Belitung Nursing Journal,,24774073,Oct-2020,Belitung Raya Publisher - Belitung Raya Foundation
Visual History,24215627,25323504,Oct-2020,Fabrizio Serra Editore
Rivista Italiana di Storia Internazionale,26118602,26120992,Oct-2020,Societa Editrice il Mulino
Journal of Organizational Behavior Education,16497627,20479999,Oct-2020,NeilsonJournals Publishing
Rivista di Archeologia,03920895,22844546,Sep-2020,Giorgio Bretschneider Editore
Tropics,0917415X,18825729,Sep-2020,The Japan Society of Tropical Ecology
Political Economy of Communication,,23571705,Aug-2020,International Association for Media and Communication Research
Journal of Psychosocial Rehabilitation and Mental Health,21989834,2198963X,Aug-2020,Springer
Rivista di Psicolinguistica Applicata,15921328,17240646,Aug-2020,Fabrizio Serra Editore
Polish American Studies,00322806,23300833,Aug-2020,University of Illinois Press
Nottingham Medieval Studies,00782122,25070444,Aug-2020,Brepols Publishers
Chronic Diseases and Translational Medicine,2095882X,25890514,Aug-2020,Elsevier:  Partnership Publishing
Strata,20427867,26334216,Aug-2020,Anglo-Israel Archaeological Society
Egyptian Journal of Hospital Medicine,16872002,20907125,Aug-2020,Cairo Ain Shams university
Coal Science and Technology,02532336,,Aug-2020,China Coal Research Institute
Journal of Linguistic and Intercultural Education,20656599,,Aug-2020,Aeternitas Publishing House
Proceedings of International Structural Engineering and Construction,,2644108X,Aug-2020,ISEC Press
Forensic Anthropology,25735020,25735039,Aug-2020,University of Florida Press
Current Obesity Reports,,21624968,Aug-2020,Springer
Seminaire Lotharingien de Combinatoire,,12864889,Aug-2020,Universitaet Wien
Psychiatry (Moscow),16838319,26186667,Aug-2020,LLC «Publisher «MIA»
Materials Research Proceedings,24743941,2474395X,Aug-2020,Materials Research Forum LLC
GLOCAL Conference Proceedings,,27078647,Aug-2020,Global Council on Anthropological Linguistics
Canadian Ethnic Studies,00083496,19138253,Aug-2020,Canadian Ethnic Studies Association
Adults Learning Mathematics International Journal,,17441803,Aug-2020,Adults Learning Mathematics
Actes (IFSTTAR),2115418X,,Jul-2020,Driving Simulation Association
Romance Languages and Linguistic Theory,1574552X,,Jul-2020,Universitat Autonoma de Barcelona
Journal of Chemical Metrology,13076183,,Jul-2020,ACG PUBLICATIONS
Ars Interpretandi,17228352,27049019,Jul-2020,Carocci Editore
International Journal of Applied Science and Engineering Research,,22779442,Jun-2020,Roman Science Publications and Distributions
CIRED Conference Proceedings,,20329644,Jun-2020,AIM
International Journal of Engineering  Transactions C: Aspects,24237167,,Jun-2020,Material and Energy Research Center
Gouvernement et Action Publique,22600965,2262340X,Jun-2020,Presses de Sciences Po
Journal of Library Science in China,10018867,,Jun-2020,Library Society of China
Investigaciones Sobre Lectura,,23408685,Jun-2020,Asociación Española de Comprensión Lectora
Interdisciplinary Political Studies,,20398573,Jun-2020,University of Salento
Bible and Critical Theory,18323391,,Jun-2020,University of Auckland
Kronos,18971555,18999484,May-2020,Fundacja Augusta hr. Cieszkowskiego
Advances in Polar Science,16749928,,May-2020,Editorial Office of Advances in Polar Science
Revista Electronica de Linguistica Aplicada,,18859089,May-2020,Asociación Española de Lingüística Aplicada AESLA
Nordic Wittgenstein Review,21946825,2242248X,May-2020,Nordic Wittgenstein Society
Rossijskij Psihiatriceskij Zurnal,1560957X,,May-2020,V. Serbsky National Medical Research Centre for Psychiatry and Narcology
Perm University Herald - History,22193111,,May-2020,Permskii Gosudarstvennyi Natsional'nyi Issledovatel'skii Universitet
Big Data Mining and Analytics,20960654,,May-2020,IEEE Institute of Electrical and Electronics Engineers
Via Inveniendi et Iudicandi,,19090528,Apr-2020,Universidad Santo Tomas
University of Pennsylvania Journal of Constitutional Law,15212823,19428561,Apr-2020,"Joe Christensen, Inc."
Journal of Health Economics and Outcomes Research,,23272236,Apr-2020,Columbia Data Analytics
International Conference on Embedded Wireless Systems and Networks,,25622331,Apr-2020,Junction Publishing
International Research Symposium on PBL,,24463833,Apr-2020,Aalborg University Press
Research in Management Education and Development,15373932,26890895,Apr-2020,Information Age Publishing
Proceedings of the Asian Technology Conference in Mathematics,,19404204,Apr-2020,"Mathematics and Technology, LLC"
Arid Zone Research,10014675,,Apr-2020,Science Press (China)
Petroleum Geology and Experiment,10016112,,Mar-2020,Editorial Board of Petroleum Geology and Experiment
Journal of the Japan Institute of Energy,,18826121,Mar-2020,The Japan Institute of Energy
Proceedings of International Conference on Computational Thinking Education,,26645661,Mar-2020,The Education University of Hong Kong
"Art, Science, and Engineering of Programming",,24737321,Mar-2020,AOSA
RiMe,,2035794X,Mar-2020,Istituto di Storia dell'Europa Mediterranea
International Workshop on Visual Analytics,,26644487,Mar-2020,Eurographics Association
South African Law Journal,02582503,19962177,Mar-2020,Juta & Company (Pty) Ltd
Proceedings of the European Wave and Tidal Energy Conference,27066932,27066940,Mar-2020,European Wave and Tidal Energy Conference Series
Proceedings of the International Conference on Natural Hazards and Infrastructure,26234513,,Feb-2020,National Technical University of Athens
ImmunoHorizons,,25737732,Jan-2020,American Association of Immunologists
International Conference on Higher Education Advances,,26035871,Jan-2020,Editorial Universitat Politècnica de València
Public Administration Quarterly,07349149,23274433,Jan-2020,Southern Public Administration Education Foundation
Proceedings of the International Symposium on Radiative Transfer,,26425629,Dec-2019,Begell House
Proceedings of the International Congress on Acoustics,22267808,24151599,Dec-2019,International Commission for Acoustics (ICA)
International Conference on Construction in the 21st Century,,26401177,Dec-2019,East Carolina University
Global Cardiology Science and Practice,,23057823,Dec-2019,Magdi Yacoub Institute
Scripta Instituti Donneriani Aboensis,05823226,23434937,Dec-2019,the Donner Institute for Research in Religious and Cultural History
Journal of Medical Robotics Research,2424905X,,Dec-2019,World Scientific Publishing
Scholarship of Teaching and Learning in Psychology,23322101,2332211X,Nov-2019,APA American Psychological Association
Acta Polytechnica CTU Proceedings,,23365382,Nov-2019,Czech Technical University in Prague
Proceedings of the International Conference on Mine Closure,22088288,22088296,Nov-2019,Australian Centre for Geomechanics
Chinese Journal of Disease Control and Prevention,16743679,,Oct-2019,Anhui Medical University
Lodzkie Studia Etnograficzne,00760382,24505544,Oct-2019,Polskie Towarzystwo Ludoznawcze / Polish Ethnological Society
International Symposium on Graphic Engineering and Design,,26201437,Oct-2019,"University of Novi Sad, Faculty of Technical Sciences, Department of Graphic Engineering and Design"
Frontiers in Neurosurgery,24057401,2405741X,Oct-2019,Bentham Science Publishers
"Man, Building and Urban Planning",23367687,23367695,Oct-2019,"Czech Technical University in Prague, Faculty of Civil Engineering"
Aestimatio,21730164,21731926,Oct-2019,IEB (Instituto de Estudios Bursátiles)
eLearning and Software for Education Conference,20668821,20668821,Sep-2019,"""CAROL I"" National Defence University Publishing House"
Proceedings of the International Conference of Architectural Science Association,,22093850,Sep-2019,Architectural Science Association
Nafta - Gaz: Miesiecznik Poswiecony Nauce i Technice w Przemysle Naftowym i Gazowniczym,08678871,,Sep-2019,INST OIL & GAS
Anti-Obesity Drug Discovery and Development,24679615,22102698,Sep-2019,Bentham Science Publishers
German Law Journal,,20718322,Aug-2019,Cambridge University Press
International Conference on Quality Engineering and Management,,21843481,Aug-2019,Universidade do Minho
Proceedings of the Thermal and Fluids Engineering Summer Conference,,23791748,Aug-2019,Begell House
Stuttgarter Symposium fuer Produktentwicklung,23644885,,Aug-2019,Fraunhofer Verlag
Annales Instituti Archaeologici,,18486363,Aug-2019,Institut za Arheologiju
Statistica,0390590X,19732201,Jun-2019,"Deparment of Statistical Sciences 'P. Fortunati', University of Bologna"
EPiC Series in Computing,,23987340,May-2019,EasyChair
Loggia: Arquitectura y Restauracion,1136758X,24441619,May-2019,Universitat Politecnica de Valencia
Studi Kantiani,11234938,17241812,Apr-2019,Fabrizio Serra Editore
Famous Planet Earth Caves,24057207,24057215,Apr-2019,Bentham Science Publishers
Cuadernos de Derecho Local,16960955,,Apr-2019,Fundación Democracia y Gobierno Local
World Construction Symposium,23620935,,Mar-2019,Ceylon Institute of Builders
Applications of NMR Spectroscopy,24054674,24054682,Mar-2019,Bentham Science Publishers
Parthica,11286342,17241928,Mar-2019,Fabrizio Serra Editore
Seicento e Settecento,18282148,19718330,Mar-2019,Fabrizio Serra Editore
Boletin del Museo del Prado,02108143,,Mar-2019,Museo Nacional del Prado
International Journal of Environmental Sciences  ,22297359,,Mar-2019,Academic Science Publications & Distributions
InterCarto. InterGIS,24149179,24149209,Mar-2019,Lomonosov Moscow State University
